<?xml version="1.0"?>

<article>
<info>
<abstract>
<para><emphasis role="strong">Note:</emphasis> This
            document lists changes only since the 1.74.0 release.
            If you instead want a record of the complete list of
            changes for the codebase over its entire history, you
            can obtain one by running the following commands:
            
<screen>  <code>svn checkout https://docbook.svn.sourceforge.net/svnroot/docbook/trunk/xsl</code>
  <code>svn log --xml --verbose xsl &gt; ChangeHistory.xml</code></screen></para>
</abstract>
</info><title>Changes since the 1.74.0 release</title>

<sect1 xml:id="Vsnapshot_8247">
<title>Release Notes: snapshot_8247</title>
<para>The following is a list of changes that have been made
        since the 1.74.0 release.</para>

<sect2 xml:id="Vsnapshot_8247_Gentext">
<title>Gentext</title>
<para>The following changes have been made to the
            <filename>gentext</filename> code
            since the 1.74.0 release.</para>
<itemizedlist>
<listitem>
<para><literal>Mauritz Jeanson: locale/sv.xml</literal></para><screen><phrase role="commit-message">Added "<tag>Acknowledgements</tag>".</phrase></screen>
</listitem>
<listitem>
<para><literal>Michael(tm) Smith: locale/ky.xml; Makefile</literal></para><screen><phrase role="commit-message">new Kirghiz locale from Ilyas Bakirov</phrase></screen>
</listitem>
<listitem>
<para><literal>Dongsheng Song: locale/zh.xml; locale/zh_cn.xml</literal></para><screen><phrase role="commit-message">Fix Auditlocale.pl warning.</phrase></screen>
</listitem>
<listitem>
<para><literal>Dongsheng Song: locale/zh_cn.xml</literal></para><screen><phrase role="commit-message">Follow-up to r8219, add "<tag>Acknowledgements</tag>".</phrase></screen>
</listitem>
<listitem>
<para><literal>Mauritz Jeanson: locale/en.xml</literal></para><screen><phrase role="commit-message">Added "<tag>Acknowledgements</tag>".</phrase></screen>
</listitem>
<listitem>
<para><literal>Dongsheng Song: locale/zh_cn.xml</literal></para><screen><phrase role="commit-message">Simplified Chinese translation.
* defguide5/zh/stylesheets/fo.xsl,defguide5/zh/stylesheets/zh/fo.xsl,
  defguide/zh/stylesheets/fo.xsl,defguide/zh/stylesheets/zh/fo.xsl: change <tag>symbol</tag> font.
* gentext/locale/zh_cn.xml: Use publishing <tag>term</tag> instead.</phrase></screen>
</listitem>
<listitem>
<para><literal>Dongsheng Song: locale/zh_cn.xml</literal></para><screen><phrase role="commit-message">Update some gentext translations.</phrase></screen>
</listitem>
<listitem>
<para><literal>Robert Stayton: locale/lv.xml; locale/ca.xml; locale/pt.xml; locale/tr.xml; locale/af.xml;⋯</literal></para><screen><phrase role="commit-message">Add writing-mode gentext string to support right-to-left languages.</phrase></screen>
</listitem>
</itemizedlist>
</sect2><!--end of Gentext changes for snapshot_8247-->

<sect2 xml:id="Vsnapshot_8247_Common">
<title>Common</title>
<para>The following changes have been made to the
            <filename>common</filename> code
            since the 1.74.0 release.</para>
<itemizedlist>
<listitem>
<para><literal>Michael(tm) Smith: .gitignore; Makefile</literal></para><screen><phrase role="commit-message">incorporate Kirghiz locale from Ilyas Bakirov</phrase></screen>
</listitem>
<listitem>
<para><literal>Mauritz Jeanson: common.xsl</literal></para><screen><phrase role="commit-message">Reverted <tag>revision</tag> 7671 in order to prevent <tag>orgname</tag> from being mixed into 
<tag>person</tag> names. The bug has been reported twice: #2000787 and #2082455.</phrase></screen>
</listitem>
<listitem>
<para><literal>Mauritz Jeanson: table.xsl</literal></para><screen><phrase role="commit-message">Modified predicate in tabstyle template. Closes bug #2269202.</phrase></screen>
</listitem>
<listitem>
<para><literal>Michael(tm) Smith: Makefile</literal></para><screen><phrase role="commit-message">remove the now-totally-pointless xjparse pass on gentext sources</phrase></screen>
</listitem>
<listitem>
<para><literal>Mauritz Jeanson: gentext.xsl</literal></para><screen><phrase role="commit-message">Added template for <tag>procedure</tag> autonumbering. Closes bug #2020982.</phrase></screen>
</listitem>
<listitem>
<para><literal>Keith Fahlgren: Makefile</literal></para><screen><phrase role="commit-message">Get rid of the rest of the hardcoded buildtools references and actually use DOCBOOK_SVN</phrase></screen>
</listitem>
</itemizedlist>
</sect2><!--end of Common changes for snapshot_8247-->

<sect2 xml:id="Vsnapshot_8247_FO">
<title>FO</title>
<para>The following changes have been made to the
            <filename>fo</filename> code
            since the 1.74.0 release.</para>
<itemizedlist>
<listitem>
<para><literal>Mauritz Jeanson: table.xsl</literal></para><screen><phrase role="commit-message">Fixed bug #2574111 (missing rowsep border between tgroups in one <tag>table</tag>).</phrase></screen>
</listitem>
<listitem>
<para><literal>Mauritz Jeanson: titlepage.xsl</literal></para><screen><phrase role="commit-message">Updated <tag>abstract</tag> template so that the <parameter>abstract.properties</parameter> and 
<parameter>abstract.title.properties</parameter> attribute-sets are used. See bug #1842865.</phrase></screen>
</listitem>
<listitem>
<para><literal>Jirka Kosek: xref.xsl</literal></para><screen><phrase role="commit-message">Allow hyphnetation also in xlink urls</phrase></screen>
</listitem>
<listitem>
<para><literal>Mauritz Jeanson: table.xsl</literal></para><screen><phrase role="commit-message">Added processing of <tag>mediaobject</tag>/graphic to calsTable template. Closes bug #2298384.</phrase></screen>
</listitem>
<listitem>
<para><literal>Dongsheng Song: titlepage.xsl</literal></para><screen><phrase role="commit-message">Fix a longstanding bug, "gentext" for "bookinfo/pubdate|info/<tag>pubdate</tag>" should
map to '<tag>pubdate</tag>', not 'published'!

This bug exist since initial checkin by nwalsh, all languages except english
affected, I'm very surprised why no one complain it yet!</phrase></screen>
</listitem>
<listitem>
<para><literal>Robert Stayton: table.xsl</literal></para><screen><phrase role="commit-message">Fix bug in computation of nextspans variable when
skipped columns and column span are used.</phrase></screen>
</listitem>
<listitem>
<para><literal>Mauritz Jeanson: graphics.xsl</literal></para><screen><phrase role="commit-message">Set scalefit=1 if a default image width is defined. Closes bug #2020774.</phrase></screen>
</listitem>
<listitem>
<para><literal>Mauritz Jeanson: fop1.xsl</literal></para><screen><phrase role="commit-message">Added header with Id and <tag>copyright</tag> <tag>info</tag>.</phrase></screen>
</listitem>
<listitem>
<para><literal>Mauritz Jeanson: fop1.xsl</literal></para><screen><phrase role="commit-message">Added fix for <tag>subtitle</tag> in metadata.</phrase></screen>
</listitem>
<listitem>
<para><literal>Robert Stayton: autoidx.xsl</literal></para><screen><phrase role="commit-message">Fix two bugs in info.reference template:
-  <tag>mediaobject</tag> omitted from list of <tag>info</tag> containers.

-  replace [1] with [position() = last()] in the target predicate because
   when parens are used, the ancestor node list is in document order
   instead of closest ancestor order.</phrase></screen>
</listitem>
<listitem>
<para><literal>David Cramer: footnote.xsl</literal></para><screen><phrase role="commit-message">Added a check to confirm that a <tag>footnoteref</tag>'s linkend points to a <tag>footnote</tag>. Stylesheets stop processing if not and provide a useful error message.</phrase></screen>
</listitem>
<listitem>
<para><literal>Mauritz Jeanson: spaces.xsl</literal></para><screen><phrase role="commit-message">Convert spaces to fo:leader also in elements in the DB 5 namespace.</phrase></screen>
</listitem>
<listitem>
<para><literal>Mauritz Jeanson: pi.xsl; synop.xsl</literal></para><screen><phrase role="commit-message">Added support for a new processing instruction: dbfo funcsynopsis-style. 
Closes bug #1838213.</phrase></screen>
</listitem>
<listitem>
<para><literal>Michael(tm) Smith: inline.xsl; param.xweb; param.ent</literal></para><screen><phrase role="commit-message">Added new param <parameter>email.mailto.enabled</parameter> for FO output.
Patch from Paolo Borelli. Closes #2086321.</phrase></screen>
</listitem>
<listitem>
<para><literal>Mauritz Jeanson: docbook.xsl</literal></para><screen><phrase role="commit-message">Added support for document metadata for fop1 (patch #2067318).</phrase></screen>
</listitem>
<listitem>
<para><literal>Mauritz Jeanson: fop1.xsl</literal></para><screen><phrase role="commit-message">Added support for document metadata for fop1 (patch #2067318).</phrase></screen>
</listitem>
<listitem>
<para><literal>Michael(tm) Smith: index.xsl</literal></para><screen><phrase role="commit-message">make fo <tag>index</tag> titlepage respect <parameter>component.titlepage.properties</parameter>; closes bug #2060418; thanks to Paolo Borelli</phrase></screen>
</listitem>
<listitem>
<para><literal>Mauritz Jeanson: toc.xsl</literal></para><screen><phrase role="commit-message">Removed duplicate templates. Closes bug #2034582.</phrase></screen>
</listitem>
<listitem>
<para><literal>Jirka Kosek: param.ent; param.xweb; highlight.xsl</literal></para><screen><phrase role="commit-message">Upgraded to support the latest version of XSLTHL 2.0
 -- nested markup in highlited code is now processed
 -- it is no longer needed to specify path XSLTHL configuration file using Java property
 -- support for new languages, including Perl, Python and Ruby was added</phrase></screen>
</listitem>
<listitem>
<para><literal>Mauritz Jeanson: pi.xsl</literal></para><screen><phrase role="commit-message">Clarified usage of <tag>table</tag> PIs (only bgcolor works for both CALS and HTML tables).</phrase></screen>
</listitem>
<listitem>
<para><literal>Mauritz Jeanson: pi.xsl</literal></para><screen><phrase role="commit-message">"lines" -&gt; "line".</phrase></screen>
</listitem>
<listitem>
<para><literal>Robert Stayton: table.xsl</literal></para><screen><phrase role="commit-message">Fix bug in table.width where it wasn't using the <tag>tgroup</tag>
context for computing column widths.</phrase></screen>
</listitem>
<listitem>
<para><literal>Mauritz Jeanson: autotoc.xsl</literal></para><screen><phrase role="commit-message">Removed "." from the nodes variable in the set.toc template.</phrase></screen>
</listitem>
<listitem>
<para><literal>Keith Fahlgren: Makefile</literal></para><screen><phrase role="commit-message">Get rid of the rest of the hardcoded buildtools references and actually use DOCBOOK_SVN</phrase></screen>
</listitem>
</itemizedlist>
</sect2><!--end of FO changes for snapshot_8247-->

<sect2 xml:id="Vsnapshot_8247_HTML">
<title>HTML</title>
<para>The following changes have been made to the
            <filename>html</filename> code
            since the 1.74.0 release.</para>
<itemizedlist>
<listitem>
<para><literal>Robert Stayton: html.xsl</literal></para><screen><phrase role="commit-message">Modified comment only.</phrase></screen>
</listitem>
<listitem>
<para><literal>Robert Stayton: admon.xsl; autotoc.xsl; chunk-common.xsl; lists.xsl; titlepage.xsl; graphi⋯</literal></para><screen><phrase role="commit-message">Change align="left" to use $direction.align.start instead,
and change align="right" to use $direction.align.end instead.</phrase></screen>
</listitem>
<listitem>
<para><literal>Robert Stayton: param.xweb; docbook.xsl; param.ent; html.xsl</literal></para><screen><phrase role="commit-message">Add support for <parameter>writing.mode</parameter> to set text direction and <parameter>alignment</parameter>
based on document locale.</phrase></screen>
</listitem>
<listitem>
<para><literal>Mauritz Jeanson: sections.xsl</literal></para><screen><phrase role="commit-message">Added &lt;xsl:when&gt; for <tag>subtitle</tag> in section.heading template. Closes bug #2329704.</phrase></screen>
</listitem>
<listitem>
<para><literal>Robert Stayton: table.xsl</literal></para><screen><phrase role="commit-message">Fix bug in computation of nextspans variable when there are
skipped columns and spanning across columns.</phrase></screen>
</listitem>
<listitem>
<para><literal>Mauritz Jeanson: chunk-changebars.xsl</literal></para><screen><phrase role="commit-message">Added SVN keywords.</phrase></screen>
</listitem>
<listitem>
<para><literal>Mauritz Jeanson: chunk-changebars.xsl</literal></para><screen><phrase role="commit-message">Added a new top-level stylesheet module, chunk-changebars.xsl, to be 
used for generating chunked output with highlighting based on change 
(@revisionflag) markup. The module imports/includes the standard chunking 
and changebars templates and contains additional logic for chunked output.
See FRs #1015180 and #1819915.</phrase></screen>
</listitem>
<listitem>
<para><literal>Mauritz Jeanson: changebars.xsl</literal></para><screen><phrase role="commit-message">Reorganized by adding a named template (to enable code reuse).</phrase></screen>
</listitem>
<listitem>
<para><literal>Mauritz Jeanson: table.xsl</literal></para><screen><phrase role="commit-message">Modified declaration of the "<tag>col</tag>" parameter in the template with
match="entry|entrytbl". This is a workaround for bug #1816373. 
The parameter was reset to 1 for cells with @revisionflag when 
using changebars.xsl, which resulted in malformed output.</phrase></screen>
</listitem>
<listitem>
<para><literal>David Cramer: footnote.xsl</literal></para><screen><phrase role="commit-message">Added a check to confirm that a <tag>footnoteref</tag>'s linkend points to a <tag>footnote</tag>. Stylesheets stop processing if not and provide a useful error message.</phrase></screen>
</listitem>
<listitem>
<para><literal>Mauritz Jeanson: graphics.xsl</literal></para><screen><phrase role="commit-message">Replaced &lt;a&gt; elements with warning messages (textinsert extension).</phrase></screen>
</listitem>
<listitem>
<para><literal>Mauritz Jeanson: htmltbl.xsl</literal></para><screen><phrase role="commit-message">Sorry about r8102: <tag>tbody</tag>, <tag>thead</tag>, and <tag>tfoot</tag> are OK in HTML tables.</phrase></screen>
</listitem>
<listitem>
<para><literal>Mauritz Jeanson: htmltbl.xsl</literal></para><screen><phrase role="commit-message">Removed superfluous <tag>thead</tag>, <tag>tbody</tag> and <tag>tgroup</tag> in match attribute (leaving only <tag>tr</tag>).</phrase></screen>
</listitem>
<listitem>
<para><literal>Mauritz Jeanson: pi.xsl</literal></para><screen><phrase role="commit-message">Reverted the temporary r8075 change.</phrase></screen>
</listitem>
<listitem>
<para><literal>Mauritz Jeanson: toc.xsl</literal></para><screen><phrase role="commit-message">Removed duplicate templates. Closes bug #2034582.</phrase></screen>
</listitem>
<listitem>
<para><literal>Jirka Kosek: highlight.xsl</literal></para><screen><phrase role="commit-message">Improved default color scheme for XML markup</phrase></screen>
</listitem>
<listitem>
<para><literal>Jirka Kosek: param.ent; param.xweb; highlight.xsl</literal></para><screen><phrase role="commit-message">Upgraded to support the latest version of XSLTHL 2.0
 -- nested markup in highlited code is now processed
 -- it is no longer needed to specify path XSLTHL configuration file using Java property
 -- support for new languages, including Perl, Python and Ruby was added</phrase></screen>
</listitem>
<listitem>
<para><literal>Mauritz Jeanson: pi.xsl</literal></para><screen><phrase role="commit-message">More snapshot testing.</phrase></screen>
</listitem>
<listitem>
<para><literal>Mauritz Jeanson: pi.xsl</literal></para><screen><phrase role="commit-message">"lines" -&gt; "line".</phrase></screen>
</listitem>
<listitem>
<para><literal>Mauritz Jeanson: pi.xsl</literal></para><screen><phrase role="commit-message">Clarified that the <tag>table</tag> PIs are for CALS tables.</phrase></screen>
</listitem>
</itemizedlist>
</sect2><!--end of HTML changes for snapshot_8247-->

<sect2 xml:id="Vsnapshot_8247_Manpages">
<title>Manpages</title>
<para>The following changes have been made to the
            <filename>manpages</filename> code
            since the 1.74.0 release.</para>
<itemizedlist>
<listitem>
<para><literal>Michael(tm) Smith: docbook.xsl</literal></para><screen><phrase role="commit-message">Put the following at the top of generated roff for each page:
  \" t
purpose is to explicitly tell AT&amp;T troff that the page needs to be
pre-processed through tbl(1); groff can <tag>figure</tag> it out
automatically, but apparently AT&amp;T troff needs to be explicitly told</phrase></screen>
</listitem>
<listitem>
<para><literal>Michael(tm) Smith: utility.xsl</literal></para><screen><phrase role="commit-message">Suppress FC/F[] stuff unless <parameter>man.output.better.ps.enabled</parameter> is non-zero.</phrase></screen>
</listitem>
<listitem>
<para><literal>Michael(tm) Smith: block.xsl; refentry.xsl; param.xweb; docbook.xsl; param.ent; other.xsl;⋯</literal></para><screen><phrase role="commit-message">This change closes bug 2013441 and makes man-page output generally
usable again on Solaris and other platforms that use AT&amp;T troff
instead of groff.

The change was to add <parameter>man.output.better.ps.enabled</parameter> parameter, with
its default value set to zero.

If the value of the <parameter>man.output.better.ps.enabled</parameter> parameter is
non-zero, certain markup is embedded in each generated man page
such that PostScript output from the man -Tps <tag>command</tag> for that
page will include a number of enhancements designed to improve the
quality of that output.

If <parameter>man.output.better.ps.enabled</parameter> is zero (the default), no such
markup is embedded in generated man pages, and no enhancements are
included in the PostScript output generated from those man pages
by the man -Tps <tag>command</tag>.

WARNING: The enhancements provided by this parameter rely on
features that are specific to groff (GNU troff) and that are not
part of "classic" AT&amp;T troff or any of its derivatives. Therefore,
any man pages you generate with this parameter enabled will be
readable only on systems on which the groff (GNU troff) program is
installed, such as GNU/Linux systems.  The pages will not not be
readable on systems on with the classic troff (AT&amp;T troff) <tag>command</tag>
is installed.

NOTE: The value of this parameter only affects PostScript output
generated from the man <tag>command</tag>. It has no effect on output
generated using the FO backend.

<tag>TIP</tag>: You can generate PostScript output for any man page by
running the following <tag>command</tag>:

man FOO -Tps &gt; FOO.ps

You can then generate PDF output by running the following <tag>command</tag>:

ps2pdf FOO.ps</phrase></screen>
</listitem>
<listitem>
<para><literal>Michael(tm) Smith: other.xsl</literal></para><screen><phrase role="commit-message">removed unnecessary namespaced stuff element names from strip-space list</phrase></screen>
</listitem>
</itemizedlist>
</sect2><!--end of Manpages changes for snapshot_8247-->

<sect2 xml:id="Vsnapshot_8247_Epub">
<title>Epub</title>
<para>The following changes have been made to the
            <filename>epub</filename> code
            since the 1.74.0 release.</para>
<itemizedlist>
<listitem>
<para><literal>Keith Fahlgren: docbook.xsl</literal></para><screen><phrase role="commit-message">Patch from Paul Norton of Adobe to get covers to look better in Adobe Digital Editions</phrase></screen>
</listitem>
<listitem>
<para><literal>Keith Fahlgren: bin/spec/epub_regressions_spec.rb; bin/spec/files/v5cover.xml; bin/spec/sp⋯</literal></para><screen><phrase role="commit-message">Patch contributed by Liza Daly to make ePub <tag>cover</tag> handling more generic. Additionally
DocBook 5.0's &lt;<tag>cover</tag>&gt; now has some limited support:

- should <tag>reference</tag> a <tag>cover</tag> in the OPF guide for a DocBook 5.0 test document</phrase></screen>
</listitem>
<listitem>
<para><literal>Keith Fahlgren: bin/spec/files/isbn.xml; bin/spec/files/issn.xml; bin/spec/files/biblioid.⋯</literal></para><screen><phrase role="commit-message">Liza Daly reported that the dc:identifer-generation code was garbage (she was right).

Added new tests:
- should include at least one dc:identifier
- should include an ISBN as URN for dc:identifier if an ISBN was in the metadata
- should include an ISSN as URN for dc:identifier if an ISSN was in the metadata
- should include an <tag>biblioid</tag> as a dc:identifier if an <tag>biblioid</tag> was in the metadata
- should include a URN for a <tag>biblioid</tag> with @class attribute as a dc:identifier if an <tag>biblioid</tag> was in the metadata</phrase></screen>
</listitem>
<listitem>
<para><literal>Keith Fahlgren: bin/spec/tools/obfuscate_regression_submission.xsl; bin/spec/tools; bin/sp⋯</literal></para><screen><phrase role="commit-message">An XSLT2 stylehseet to obfuscate the text of a DocBook document so that you can submit it as a failing test case (probably because of unhandled markup)</phrase></screen>
</listitem>
<listitem>
<para><literal>Keith Fahlgren: docbook.xsl; bin/spec/epub_spec.rb</literal></para><screen><phrase role="commit-message">Improve both SEO and  semantic structure of chunked ePub output by ensuring that
we always send out one and only one h1 in each XHTML chunk.

DocBook::Epub
- should include one and only one &lt;h1&gt; in each HTML file in rendered ePub files
for &lt;<tag>book</tag>&gt;s
- should include one and only one &lt;h1&gt; in each HTML file in rendered ePub files
for &lt;<tag>book</tag>&gt;s even if they do not have <tag>section</tag> markup</phrase></screen>
</listitem>
<listitem>
<para><literal>Keith Fahlgren: docbook.xsl; bin/spec/files/orm.book.001.xml</literal></para><screen><phrase role="commit-message">Only try to chunk <tag>bibliodiv</tag>[<tag>title</tag>] to prevent ???TITLE??? and OPF/NCX errors (regression included)</phrase></screen>
</listitem>
<listitem>
<para><literal>Keith Fahlgren: bin/lib/docbook.rb; bin/spec/epub_realbook_spec.rb</literal></para><screen><phrase role="commit-message">epubcheck 1.0.3 actually sets an exit code properly, so use that instead of doing nasty output regexp.</phrase></screen>
</listitem>
<listitem>
<para><literal>Keith Fahlgren: docbook.xsl</literal></para><screen><phrase role="commit-message">Fixing image @align attribute handling override (to just use what is in xhtml-1_1/graphics.xsl)</phrase></screen>
</listitem>
<listitem>
<para><literal>Keith Fahlgren: bin/spec/README</literal></para><screen><phrase role="commit-message">Slightly clearer README for epub output developers running tests</phrase></screen>
</listitem>
<listitem>
<para><literal>Keith Fahlgren: bin/spec/epub_regressions_spec.rb; docbook.xsl; bin/spec/epub_realbook_spe⋯</literal></para><screen><phrase role="commit-message">Adding patch from Liza Daly to fix problems with XHTML 1.1 DOCTYPES showing up in non-XHTML files</phrase></screen>
</listitem>
<listitem>
<para><literal>Keith Fahlgren: docbook.xsl; bin/spec/epub_realbook_spec.rb; bin/spec/files/orm.book.001.x⋯</literal></para><screen><phrase role="commit-message">Better dc:<tag>publisher</tag> (ALWAYS WRITE TESTS FIRST!)</phrase></screen>
</listitem>
<listitem>
<para><literal>Keith Fahlgren: docbook.xsl</literal></para><screen><phrase role="commit-message">Ignore anything else in *<tag>info</tag> for opf.metadata</phrase></screen>
</listitem>
<listitem>
<para><literal>Keith Fahlgren: docbook.xsl; bin/spec/epub_realbook_spec.rb; bin/spec/files/orm.book.001.x⋯</literal></para><screen><phrase role="commit-message">Adding test for dc:rights properly populating from &lt;<tag>copyright</tag>&gt;</phrase></screen>
</listitem>
<listitem>
<para><literal>Keith Fahlgren: docbook.xsl; bin/spec/epub_realbook_spec.rb</literal></para><screen><phrase role="commit-message">Finishing support for covers in epub files destined for .mobi and the Kindle</phrase></screen>
</listitem>
<listitem>
<para><literal>Keith Fahlgren: docbook.xsl; bin/spec/epub_realbook_spec.rb; bin/spec/files/orm.book.001.x⋯</literal></para><screen><phrase role="commit-message">Adding better support for covers in epub files destined for .mobi and the Kindle</phrase></screen>
</listitem>
<listitem>
<para><literal>Keith Fahlgren: bin/spec/epub_regressions_spec.rb; docbook.xsl</literal></para><screen><phrase role="commit-message">Fixing CSS mimetype bug reported by Liza Daly</phrase></screen>
</listitem>
<listitem>
<para><literal>Keith Fahlgren: bin/dbtoepub; bin/lib/docbook.rb; bin/spec/files/DejaVuSerif.otf; docbook.⋯</literal></para><screen><phrase role="commit-message">Adding primitive support for embedding a single font</phrase></screen>
</listitem>
<listitem>
<para><literal>Keith Fahlgren: bin/dbtoepub; bin/lib/docbook.rb; bin/spec/files/test_cust.xsl; bin/spec/e⋯</literal></para><screen><phrase role="commit-message">Adding support for user-specified customization layers in dbtoepub</phrase></screen>
</listitem>
<listitem>
<para><literal>Keith Fahlgren: bin/spec/epub_regressions_spec.rb; docbook.xsl; bin/spec/epub_spec.rb</literal></para><screen><phrase role="commit-message">Adding regression for dropped text in dedications and bookinfos</phrase></screen>
</listitem>
<listitem>
<para><literal>Keith Fahlgren: docbook.xsl; bin/spec/epub_realbook_spec.rb; bin/spec/files/orm.book.001.x⋯</literal></para><screen><phrase role="commit-message">Adding support for proper dc:identifiers based on &lt;isbn&gt;</phrase></screen>
</listitem>
<listitem>
<para><literal>Keith Fahlgren: bin/dbtoepub; bin/spec/epub_regressions_spec.rb; bin/lib/docbook.rb; bin/s⋯</literal></para><screen><phrase role="commit-message">Adding CSS support to .epub target &amp; dbtoepub:
    -c, --css [FILE]                 Use FILE for CSS on generated XHTML.


DocBook::Epub
...
- should include a CSS <tag>link</tag> in HTML files when a CSS file has been provided
- should include CSS file in .epub when a CSS file has been provided
- should include a CSS <tag>link</tag> in OPF file when a CSS file has been provided</phrase></screen>
</listitem>
<listitem>
<para><literal>Keith Fahlgren: bin/spec</literal></para><screen><phrase role="commit-message">Get rid of the remaining SVN property cruft</phrase></screen>
</listitem>
<listitem>
<para><literal>Keith Fahlgren: bin/spec/epub_regressions_spec.rb; bin/spec; bin/spec/epub_small_smoketest⋯</literal></para><screen><phrase role="commit-message">Removing testdocs svn:external</phrase></screen>
</listitem>
<listitem>
<para><literal>Michael(tm) Smith: bin/spec; bin/spec/files; bin/spec/.gitignore; bin/spec/files/.gitignor⋯</literal></para><screen><phrase role="commit-message">set some ignores</phrase></screen>
</listitem>
</itemizedlist>
</sect2><!--end of Epub changes for snapshot_8247-->

<sect2 xml:id="Vsnapshot_8247_HTMLHelp">
<title>HTMLHelp</title>
<para>The following changes have been made to the
            <filename>htmlhelp</filename> code
            since the 1.74.0 release.</para>
<itemizedlist>
<listitem>
<para><literal>Keith Fahlgren: Makefile</literal></para><screen><phrase role="commit-message">Get rid of the rest of the hardcoded buildtools references and actually use DOCBOOK_SVN</phrase></screen>
</listitem>
</itemizedlist>
</sect2><!--end of HTMLHelp changes for snapshot_8247-->

<sect2 xml:id="Vsnapshot_8247_Eclipse">
<title>Eclipse</title>
<para>The following changes have been made to the
            <filename>eclipse</filename> code
            since the 1.74.0 release.</para>
<itemizedlist>
<listitem>
<para><literal>Keith Fahlgren: Makefile</literal></para><screen><phrase role="commit-message">Get rid of the rest of the hardcoded buildtools references and actually use DOCBOOK_SVN</phrase></screen>
</listitem>
</itemizedlist>
</sect2><!--end of Eclipse changes for snapshot_8247-->

<sect2 xml:id="Vsnapshot_8247_JavaHelp">
<title>JavaHelp</title>
<para>The following changes have been made to the
            <filename>javahelp</filename> code
            since the 1.74.0 release.</para>
<itemizedlist>
<listitem>
<para><literal>Keith Fahlgren: Makefile</literal></para><screen><phrase role="commit-message">Get rid of the rest of the hardcoded buildtools references and actually use DOCBOOK_SVN</phrase></screen>
</listitem>
</itemizedlist>
</sect2><!--end of JavaHelp changes for snapshot_8247-->

<sect2 xml:id="Vsnapshot_8247_Roundtrip">
<title>Roundtrip</title>
<para>The following changes have been made to the
            <filename>roundtrip</filename> code
            since the 1.74.0 release.</para>
<itemizedlist>
<listitem>
<para><literal>Steve Ball: blocks2dbk.xsl; template.xml; template.dot</literal></para><screen><phrase role="commit-message">added support for imagedata-metadata
added support for <tag>table</tag> as images</phrase></screen>
</listitem>
<listitem>
<para><literal>Steve Ball: blocks2dbk.xsl</literal></para><screen><phrase role="commit-message">added error checking for publisher-address</phrase></screen>
</listitem>
<listitem>
<para><literal>Steve Ball: blocks2dbk.xsl</literal></para><screen><phrase role="commit-message">Fixed bug in <tag>emphasis</tag></phrase></screen>
</listitem>
<listitem>
<para><literal>Steve Ball: blocks2dbk.xsl</literal></para><screen><phrase role="commit-message">fixed bug in metadata processing</phrase></screen>
</listitem>
<listitem>
<para><literal>Steve Ball: blocks2dbk.xsl; normalise2sections.xsl; sections2blocks.xsl</literal></para><screen><phrase role="commit-message">Improved support for <tag>personname</tag> inlines.</phrase></screen>
</listitem>
<listitem>
<para><literal>Steve Ball: blocks2dbk.xsl; blocks2dbk.dtd; template.xml</literal></para><screen><phrase role="commit-message">Added support for <tag>legalnotice</tag>.</phrase></screen>
</listitem>
<listitem>
<para><literal>Steve Ball: blocks2dbk.xsl; wordml2normalise.xsl</literal></para><screen><phrase role="commit-message">added support for <tag>orgname</tag> in <tag>author</tag></phrase></screen>
</listitem>
<listitem>
<para><literal>Steve Ball: wordml2normalise.xsl</literal></para><screen><phrase role="commit-message">fix elimination of <tag>section</tag> breaks</phrase></screen>
</listitem>
<listitem>
<para><literal>Steve Ball: wordml2normalise.xsl</literal></para><screen><phrase role="commit-message">Eliminate empty paragraphs due to <tag>section</tag> breaks</phrase></screen>
</listitem>
<listitem>
<para><literal>Steve Ball: wordml2normalise.xsl</literal></para><screen><phrase role="commit-message">parameterise choice of image <tag>filename</tag></phrase></screen>
</listitem>
<listitem>
<para><literal>Steve Ball: blocks2dbk.xsl</literal></para><screen><phrase role="commit-message">fixed <tag>figure</tag> captions and associated figure metadata</phrase></screen>
</listitem>
<listitem>
<para><literal>Steve Ball: blocks2dbk.xsl</literal></para><screen><phrase role="commit-message">handle weird EndnoteReference character style
added support for <tag>footnote</tag> in <tag>author</tag> paragraph</phrase></screen>
</listitem>
<listitem>
<para><literal>Steve Ball: blocks2dbk.xsl; wordml2normalise.xsl</literal></para><screen><phrase role="commit-message">fixed tables in list items
handle Word track changes</phrase></screen>
</listitem>
<listitem>
<para><literal>Steve Ball: blocks2dbk.xsl</literal></para><screen><phrase role="commit-message">fix metadata for non-article toplevels and divisions.</phrase></screen>
</listitem>
<listitem>
<para><literal>Steve Ball: dbk2wp.xsl</literal></para><screen><phrase role="commit-message">fixed <tag>blockquote</tag> <tag>attribution</tag>.
fixed <tag>listitem</tag> <tag>para</tag> continuation.</phrase></screen>
</listitem>
<listitem>
<para><literal>Steve Ball: specifications.xml; supported.xml; blocks2dbk.xsl; wordml2normalise.xsl; dbk2w⋯</literal></para><screen><phrase role="commit-message">Updated specification.
to-DocBook: add cols attribute to <tag>tgroup</tag>
from-DocBook: fix for <tag>blockquote</tag> <tag>title</tag></phrase></screen>
</listitem>
<listitem>
<para><literal>Keith Fahlgren: Makefile</literal></para><screen><phrase role="commit-message">Get rid of the rest of the hardcoded buildtools references and actually use DOCBOOK_SVN</phrase></screen>
</listitem>
</itemizedlist>
</sect2><!--end of Roundtrip changes for snapshot_8247-->

<sect2 xml:id="Vsnapshot_8247_Slides">
<title>Slides</title>
<para>The following changes have been made to the
            <filename>slides</filename> code
            since the 1.74.0 release.</para>
<itemizedlist>
<listitem>
<para><literal>Mauritz Jeanson: fo/plain.xsl</literal></para><screen><phrase role="commit-message">Added template for foil and foilgroup in mode "xref-to". Closes bug #1913376.</phrase></screen>
</listitem>
<listitem>
<para><literal>Mauritz Jeanson: fo/plain.xsl</literal></para><screen><phrase role="commit-message">Removed redundant calls to <tag>anchor</tag> template that were the cause of duplicate IDs. 
Closes bug #1859831.</phrase></screen>
</listitem>
<listitem>
<para><literal>Keith Fahlgren: xhtml/Makefile; fo/Makefile; html/Makefile</literal></para><screen><phrase role="commit-message">More stupid makefile changes for slides</phrase></screen>
</listitem>
<listitem>
<para><literal>Keith Fahlgren: Makefile</literal></para><screen><phrase role="commit-message">Get rid of the rest of the hardcoded buildtools references and actually use DOCBOOK_SVN</phrase></screen>
</listitem>
</itemizedlist>
</sect2><!--end of Slides changes for snapshot_8247-->

<sect2 xml:id="Vsnapshot_8247_Website">
<title>Website</title>
<para>The following changes have been made to the
            <filename>website</filename> code
            since the 1.74.0 release.</para>
<itemizedlist>
<listitem>
<para><literal>Mauritz Jeanson: website-common.xsl</literal></para><screen><phrase role="commit-message">Added Spanish localization. Closes bug #1876282.</phrase></screen>
</listitem>
<listitem>
<para><literal>Keith Fahlgren: Makefile</literal></para><screen><phrase role="commit-message">Get rid of the rest of the hardcoded buildtools references and actually use DOCBOOK_SVN</phrase></screen>
</listitem>
</itemizedlist>
</sect2><!--end of Website changes for snapshot_8247-->

<sect2 xml:id="Vsnapshot_8247_Params">
<title>Params</title>
<para>The following changes have been made to the
            <filename>params</filename> code
            since the 1.74.0 release.</para>
<itemizedlist>
<listitem>
<para><literal>Michael(tm) Smith: man.output.better.ps.enabled.xml</literal></para><screen><phrase role="commit-message">This change closes bug 2013441 and makes man-page output generally
usable again on Solaris and other platforms that use AT&amp;T troff
instead of groff.

The change was to add <parameter>man.output.better.ps.enabled</parameter> parameter, with
its default value set to zero.

If the value of the <parameter>man.output.better.ps.enabled</parameter> parameter is
non-zero, certain markup is embedded in each generated man page
such that PostScript output from the man -Tps <tag>command</tag> for that
page will include a number of enhancements designed to improve the
quality of that output.

If <parameter>man.output.better.ps.enabled</parameter> is zero (the default), no such
markup is embedded in generated man pages, and no enhancements are
included in the PostScript output generated from those man pages
by the man -Tps <tag>command</tag>.

WARNING: The enhancements provided by this parameter rely on
features that are specific to groff (GNU troff) and that are not
part of "classic" AT&amp;T troff or any of its derivatives. Therefore,
any man pages you generate with this parameter enabled will be
readable only on systems on which the groff (GNU troff) program is
installed, such as GNU/Linux systems.  The pages will not not be
readable on systems on with the classic troff (AT&amp;T troff) <tag>command</tag>
is installed.

NOTE: The value of this parameter only affects PostScript output
generated from the man <tag>command</tag>. It has no effect on output
generated using the FO backend.

<tag>TIP</tag>: You can generate PostScript output for any man page by
running the following <tag>command</tag>:

man FOO -Tps &gt; FOO.ps

You can then generate PDF output by running the following <tag>command</tag>:

ps2pdf FOO.ps</phrase></screen>
</listitem>
<listitem>
<para><literal>Mauritz Jeanson: hyphenate.verbatim.characters.xml</literal></para><screen><phrase role="commit-message">A very small update.</phrase></screen>
</listitem>
<listitem>
<para><literal>Mauritz Jeanson: callout.list.table.xml</literal></para><screen><phrase role="commit-message">Made a few small fixes to the description.</phrase></screen>
</listitem>
<listitem>
<para><literal>Mauritz Jeanson: highlight.source.xml</literal></para><screen><phrase role="commit-message">Corrected parameter name.</phrase></screen>
</listitem>
<listitem>
<para><literal>Mauritz Jeanson: use.role.as.xrefstyle.xml</literal></para><screen><phrase role="commit-message">Updated description.</phrase></screen>
</listitem>
<listitem>
<para><literal>Robert Stayton: writing.mode.xml</literal></para><screen><phrase role="commit-message">writing mode param used to set text direction.</phrase></screen>
</listitem>
<listitem>
<para><literal>Jirka Kosek: footnote.mark.properties.xml</literal></para><screen><phrase role="commit-message">Do not inherit font-family from surrounding text</phrase></screen>
</listitem>
<listitem>
<para><literal>Mauritz Jeanson: default.units.xml; page.width.xml; body.font.size.xml; body.font.master.x⋯</literal></para><screen><phrase role="commit-message">Some small updates of parameter documentation.</phrase></screen>
</listitem>
<listitem>
<para><literal>Mauritz Jeanson: refentry.generate.name.xml; refentry.generate.title.xml; annotate.toc.xml</literal></para><screen><phrase role="commit-message">Made element names lowercase.</phrase></screen>
</listitem>
<listitem>
<para><literal>Mauritz Jeanson: component.titlepage.properties.xml</literal></para><screen><phrase role="commit-message">Updated documentation (see r8111).</phrase></screen>
</listitem>
<listitem>
<para><literal>Michael(tm) Smith: email.mailto.enabled.xml</literal></para><screen><phrase role="commit-message">Added new param <parameter>email.mailto.enabled</parameter> for FO output.
Patch from Paolo Borelli. Closes #2086321.</phrase></screen>
</listitem>
<listitem>
<para><literal>Jirka Kosek: highlight.source.xml; highlight.xslthl.config.xml</literal></para><screen><phrase role="commit-message">Upgraded to support the latest version of XSLTHL 2.0
 -- nested markup in highlited code is now processed
 -- it is no longer needed to specify path XSLTHL configuration file using Java property
 -- support for new languages, including Perl, Python and Ruby was added</phrase></screen>
</listitem>
<listitem>
<para><literal>Mauritz Jeanson: abstract.notitle.enabled.xml</literal></para><screen><phrase role="commit-message">Whitespace changes only (to test the snapshot system).</phrase></screen>
</listitem>
<listitem>
<para><literal>Mauritz Jeanson: variablelist.as.table.xml; index.preferred.page.properties.xml</literal></para><screen><phrase role="commit-message">Fixed typos.</phrase></screen>
</listitem>
</itemizedlist>
</sect2><!--end of Params changes for snapshot_8247-->

<sect2 xml:id="Vsnapshot_8247_Highlighting">
<title>Highlighting</title>
<para>The following changes have been made to the
            <filename>highlighting</filename> code
            since the 1.74.0 release.</para>
<itemizedlist>
<listitem>
<para><literal>Mauritz Jeanson: common.xsl</literal></para><screen><phrase role="commit-message">Fixed a little detail.</phrase></screen>
</listitem>
<listitem>
<para><literal>Mauritz Jeanson: common.xsl</literal></para><screen><phrase role="commit-message">Removed declaration of "d" namespace prefix (the xslns-build script adds it 
for the XSL-NS distribution).</phrase></screen>
</listitem>
<listitem>
<para><literal>Jirka Kosek: cpp-hl.xml; c-hl.xml; tcl-hl.xml; php-hl.xml; common.xsl; perl-hl.xml; delphi⋯</literal></para><screen><phrase role="commit-message">Upgraded to support the latest version of XSLTHL 2.0
 -- nested markup in highlited code is now processed
 -- it is no longer needed to specify path XSLTHL configuration file using Java property
 -- support for new languages, including Perl, Python and Ruby was added</phrase></screen>
</listitem>
</itemizedlist>
</sect2><!--end of Highlighting changes for snapshot_8247-->

<sect2 xml:id="Vsnapshot_8247_Lib">
<title>Lib</title>
<para>The following changes have been made to the
            <filename>lib</filename> code
            since the 1.74.0 release.</para>
<itemizedlist>
<listitem>
<para><literal>Keith Fahlgren: Makefile</literal></para><screen><phrase role="commit-message">Get rid of the rest of the hardcoded buildtools references and actually use DOCBOOK_SVN</phrase></screen>
</listitem>
</itemizedlist>
</sect2><!--end of Lib changes for snapshot_8247-->

<sect2 xml:id="Vsnapshot_8247_Tools">
<title>Tools</title>
<para>The following changes have been made to the
            <filename>tools</filename> code
            since the 1.74.0 release.</para>
<itemizedlist>
<listitem>
<para><literal>Michael(tm) Smith: xsl/build/xsl2jref.xsl</literal></para><screen><phrase role="commit-message">unbreak the build</phrase></screen>
</listitem>
<listitem>
<para><literal>Mauritz Jeanson: xsl/build/jref2refsect1.xsl</literal></para><screen><phrase role="commit-message">Added "Description" <tag>title</tag> for refdescription.</phrase></screen>
</listitem>
<listitem>
<para><literal>Mauritz Jeanson: xsl/build/tdg-link.xsl</literal></para><screen><phrase role="commit-message">Changed "tdg-baseuri" to http://docbook.org/tdg5/en/html/ (since the DB 5 schema 
is used to generate docbook-elements.xsl).</phrase></screen>
</listitem>
<listitem>
<para><literal>Mauritz Jeanson: xsl/build/reference-fo.xsl</literal></para><screen><phrase role="commit-message">Removed junk.</phrase></screen>
</listitem>
</itemizedlist>
</sect2><!--end of Tools changes for snapshot_8247-->

<sect2 xml:id="Vsnapshot_8247_Extensions">
<title>Extensions</title>
<para>The following changes have been made to the
            <filename>extensions</filename> code
            since the 1.74.0 release.</para>
<itemizedlist>
<listitem>
<para><literal>Keith Fahlgren: Makefile</literal></para><screen><phrase role="commit-message">Get rid of the rest of the hardcoded buildtools references and actually use DOCBOOK_SVN</phrase></screen>
</listitem>
</itemizedlist>
</sect2><!--end of Extensions changes for snapshot_8247-->

<sect2 xml:id="Vsnapshot_8247_XSL-Saxon">
<title>XSL-Saxon</title>
<para>The following changes have been made to the
            <filename>xsl-saxon</filename> code
            since the 1.74.0 release.</para>
<itemizedlist>
<listitem>
<para><literal>Mauritz Jeanson: src/com/nwalsh/saxon/ImageIntrinsics.java; src/com/nwalsh/saxon/LineCount⋯</literal></para><screen><phrase role="commit-message">Cleaned up import statements.</phrase></screen>
</listitem>
</itemizedlist>
</sect2><!--end of XSL-Saxon changes for snapshot_8247-->

<sect2 xml:id="Vsnapshot_8247_XSL-Xalan">
<title>XSL-Xalan</title>
<para>The following changes have been made to the
            <filename>xsl-xalan</filename> code
            since the 1.74.0 release.</para>
<itemizedlist>
<listitem>
<para><literal>Mauritz Jeanson: src/com/nwalsh/xalan/Callout.java; src/com/nwalsh/xalan/FormatUnicodeCall⋯</literal></para><screen><phrase role="commit-message">Cleaned up import statements.</phrase></screen>
</listitem>
</itemizedlist>
</sect2><!--end of XSL-Xalan changes for snapshot_8247-->

</sect1>
</article>

